Workbook

Sheet Model Features
A1: District | B1: Province | C1: f1_pop_no_school_pct | D1: f2_pop_upto_grade5_pct | E1: f3_pop_passed_OL_pct | F1: f4_head_no_school_pct | G1: f5_head_upto_grade5_pct | H1: f6_head_passed_OL_or_above_pct | I1: f7_attending_5_19_pct | J1: f8_dropout_5_19_pct | K1: f9_never_attended_5_14_pct | L1: f10_school_5km_plus_pct | M1: f11_walk_to_school_pct | N1: f12_students_2025 | O1: f13_pct_students_national_schools | P1: f14_students_per_teacher | Q1: f15_students_per_school | R1: f16_mpi_poor_pct_2019 | S1: f17_food_insecure_pct_2024 | T1: f18_disaster_affected_per_1000_2020_26 | U1: f19_population_2024 | V1: f20_OL_failed_all_pct_2024 | W1: f21_fog_essp_students_given | X1: TARGET_OL_not_qualified_pct_2024
A2: Colombo | B2: Western | C2: ='A5 Pop Education'!C4 -> 1.8 | D2: ='A5 Pop Education'!D4 -> 14.3 | E2: ='A5 Pop Education'!F4 -> 21.1 | F2: ='A6 Head Education'!C4 -> 1.6 | G2: ='A6 Head Education'!D4 -> 7.6 | H2: =SUM('A6 Head Education'!F4:H4) -> 49.7 | I2: ='A12 Attendance 5-19'!C4 -> 85.7 | J2: ='A12 Attendance 5-19'!E4 -> 12.1 | K2: ='A13 Attendance 5-14'!D4 -> 3 | L2: ='A14 Distance'!F4+'A14 Distance'!G4 -> 32.9 | M2: ='A15 Travel Mode'!C4 -> 18.8 | N2: ='School Census 2025'!F4 -> 305506 | O2: ='School Census 2025'!I4 -> 38.609716 | P2: ='School Census 2025'!M4 -> 17.888863 | Q2: ='School Census 2025'!N4 -> 781.34527 | R2: 3.5 | S2: 6.7 | T2: =510040/U2*1000 -> 214.71617 | U2: 2375415 | V2: 2.41 | W2: 3 | X2: 22.8
A3: Gampaha | B3: Western | C3: ='A5 Pop Education'!C5 -> 1.6 | D3: ='A5 Pop Education'!D5 -> 13.2 | E3: ='A5 Pop Education'!F5 -> 21.9 | F3: ='A6 Head Education'!C5 -> 0.8 | G3: ='A6 Head Education'!D5 -> 7.7 | H3: =SUM('A6 Head Education'!F5:H5) -> 42.7 | I3: ='A12 Attendance 5-19'!C5 -> 85 | J3: ='A12 Attendance 5-19'!E5 -> 11.8 | K3: ='A13 Attendance 5-14'!D5 -> 4.7 | L3: ='A14 Distance'!F5+'A14 Distance'!G5 -> 32 | M3: ='A15 Travel Mode'!C5 -> 20.7 | N3: ='School Census 2025'!F5 -> 297307 | O3: ='School Census 2025'!I5 -> 17.513547 | P3: ='School Census 2025'!M5 -> 17.926259 | Q3: ='School Census 2025'!N5 -> 557.79925 | R3: 5.1 | S3: 14.9 | T3: =748624/U3*1000 -> 307.299 | U3: 2436142 | V3: 2.54 | W3: 0 | X3: 27.04
A4: Kalutara | B4: Western | C4: ='A5 Pop Education'!C6 -> 2.6 | D4: ='A5 Pop Education'!D6 -> 18.2 | E4: ='A5 Pop Education'!F6 -> 19.6 | F4: ='A6 Head Education'!C6 -> 2.4 | G4: ='A6 Head Education'!D6 -> 13.7 | H4: =SUM('A6 Head Education'!F6:H6) -> 36.6 | I4: ='A12 Attendance 5-19'!C6 -> 86.2 | J4: ='A12 Attendance 5-19'!E6 -> 10.9 | K4: ='A13 Attendance 5-14'!D6 -> 4.5 | L4: ='A14 Distance'!F6+'A14 Distance'!G6 -> 34.3 | M4: ='A15 Travel Mode'!C6 -> 23.5 | N4: ='School Census 2025'!F6 -> 201108 | O4: ='School Census 2025'!I6 -> 24.565905 | P4: ='School Census 2025'!M6 -> 17.255084 | Q4: ='School Census 2025'!N6 -> 485.76812 | R4: 11 | S4: 12.4 | T4: =326068/U4*1000 -> 249.71052 | U4: 1305784 | V4: 2.57 | W4: 0 | X4: 28
A5: Kandy | B5: Central | C5: ='A5 Pop Education'!C7 -> 3.6 | D5: ='A5 Pop Education'!D7 -> 20.9 | E5: ='A5 Pop Education'!F7 -> 15.2 | F5: ='A6 Head Education'!C7 -> 4.2 | G5: ='A6 Head Education'!D7 -> 20.1 | H5: =SUM('A6 Head Education'!F7:H7) -> 29 | I5: ='A12 Attendance 5-19'!C7 -> 87.4 | J5: ='A12 Attendance 5-19'!E7 -> 9.1 | K5: ='A13 Attendance 5-14'!D7 -> 5.1 | L5: ='A14 Distance'!F7+'A14 Distance'!G7 -> 28.5 | M5: ='A15 Travel Mode'!C7 -> 36.4 | N5: ='School Census 2025'!F7 -> 252916 | O5: ='School Census 2025'!I7 -> 22.955843 | P5: ='School Census 2025'!M7 -> 15.136513 | Q5: ='School Census 2025'!N7 -> 390.90572 | R5: 22 | S5: 8.7 | T5: =267149/U5*1000 -> 182.74158 | U5: 1461895 | V5: 1.63 | W5: 30 | X5: 23.74
A6: Matale | B6: Central | C6: ='A5 Pop Education'!C8 -> 4.2 | D6: ='A5 Pop Education'!D8 -> 22 | E6: ='A5 Pop Education'!F8 -> 15.9 | F6: ='A6 Head Education'!C8 -> 4.9 | G6: ='A6 Head Education'!D8 -> 21.1 | H6: =SUM('A6 Head Education'!F8:H8) -> 23.6 | I6: ='A12 Attendance 5-19'!C8 -> 86.9 | J6: ='A12 Attendance 5-19'!E8 -> 10.6 | K6: ='A13 Attendance 5-14'!D8 -> 5 | L6: ='A14 Distance'!F8+'A14 Distance'!G8 -> 27.9 | M6: ='A15 Travel Mode'!C8 -> 33.6 | N6: ='School Census 2025'!F8 -> 96813 | O6: ='School Census 2025'!I8 -> 23.311952 | P6: ='School Census 2025'!M8 -> 14.947198 | Q6: ='School Census 2025'!N8 -> 312.3 | R6: 20 | S6: 21.2 | T6: =93740/U6*1000 -> 177.91865 | U6: 526870 | V6: 1.91 | W6: 569 | X6: 27.19
A7: Nuwara Eliya | B7: Central | C7: ='A5 Pop Education'!C9 -> 4.7 | D7: ='A5 Pop Education'!D9 -> 27.5 | E7: ='A5 Pop Education'!F9 -> 12.8 | F7: ='A6 Head Education'!C9 -> 4.8 | G7: ='A6 Head Education'!D9 -> 31.2 | H7: =SUM('A6 Head Education'!F9:H9) -> 19.3 | I7: ='A12 Attendance 5-19'!C9 -> 86.2 | J7: ='A12 Attendance 5-19'!E9 -> 10.4 | K7: ='A13 Attendance 5-14'!D9 -> 4.9 | L7: ='A14 Distance'!F9+'A14 Distance'!G9 -> 32.7 | M7: ='A15 Travel Mode'!C9 -> 54.9 | N7: ='School Census 2025'!F9 -> 143271 | O7: ='School Census 2025'!I9 -> 6.3090228 | P7: ='School Census 2025'!M9 -> 14.509925 | Q7: ='School Census 2025'!N9 -> 260.49273 | R7: 44.2 | S7: 27.5 | T7: =82513/U7*1000 -> 113.7671 | U7: 725280 | V7: 2.05 | W7: 222 | X7: 29.92
A8: Galle | B8: Southern | C8: ='A5 Pop Education'!C10 -> 2.2 | D8: ='A5 Pop Education'!D10 -> 20.6 | E8: ='A5 Pop Education'!F10 -> 18.1 | F8: ='A6 Head Education'!C10 -> 2.8 | G8: ='A6 Head Education'!D10 -> 19.1 | H8: =SUM('A6 Head Education'!F10:H10) -> 27 | I8: ='A12 Attendance 5-19'!C10 -> 88.9 | J8: ='A12 Attendance 5-19'!E10 -> 8.6 | K8: ='A13 Attendance 5-14'!D10 -> 3.2 | L8: ='A14 Distance'!F10+'A14 Distance'!G10 -> 29.9 | M8: ='A15 Travel Mode'!C10 -> 23.3 | N8: ='School Census 2025'!F10 -> 198627 | O8: ='School Census 2025'!I10 -> 37.963117 | P8: ='School Census 2025'!M10 -> 16.508228 | Q8: ='School Census 2025'!N10 -> 470.68009 | R8: 10 | S8: 16.1 | T8: =82596/U8*1000 -> 75.267093 | U8: 1097372 | V8: 2.37 | W8: 658 | X8: 25.6
A9: Matara | B9: Southern | C9: ='A5 Pop Education'!C11 -> 3.5 | D9: ='A5 Pop Education'!D11 -> 21.8 | E9: ='A5 Pop Education'!F11 -> 18.4 | F9: ='A6 Head Education'!C11 -> 4.1 | G9: ='A6 Head Education'!D11 -> 23.1 | H9: =SUM('A6 Head Education'!F11:H11) -> 32.4 | I9: ='A12 Attendance 5-19'!C11 -> 88 | J9: ='A12 Attendance 5-19'!E11 -> 8.7 | K9: ='A13 Attendance 5-14'!D11 -> 4.6 | L9: ='A14 Distance'!F11+'A14 Distance'!G11 -> 32.1 | M9: ='A15 Travel Mode'!C11 -> 24 | N9: ='School Census 2025'!F11 -> 150260 | O9: ='School Census 2025'!I11 -> 33.243711 | P9: ='School Census 2025'!M11 -> 14.598271 | Q9: ='School Census 2025'!N11 -> 425.66572 | R9: 17 | S9: 15.7 | T9: =29376/U9*1000 -> 35.059537 | U9: 837889 | V9: 1.73 | W9: 0 | X9: 22.52
A10: Hambantota | B10: Southern | C10: ='A5 Pop Education'!C12 -> 4 | D10: ='A5 Pop Education'!D12 -> 23.6 | E10: ='A5 Pop Education'!F12 -> 15.2 | F10: ='A6 Head Education'!C12 -> 5.6 | G10: ='A6 Head Education'!D12 -> 28.4 | H10: =SUM('A6 Head Education'!F12:H12) -> 18.6 | I10: ='A12 Attendance 5-19'!C12 -> 85.4 | J10: ='A12 Attendance 5-19'!E12 -> 11.2 | K10: ='A13 Attendance 5-14'!D12 -> 4.9 | L10: ='A14 Distance'!F12+'A14 Distance'!G12 -> 23.5 | M10: ='A15 Travel Mode'!C12 -> 24.2 | N10: ='School Census 2025'!F12 -> 134500 | O10: ='School Census 2025'!I12 -> 25.084758 | P10: ='School Census 2025'!M12 -> 16.017625 | Q10: ='School Census 2025'!N12 -> 422.95597 | R10: 20 | S10: 11.9 | T10: =89447/U10*1000 -> 133.22103 | U10: 671418 | V10: 1.93 | W10: 0 | X10: 24.62
A11: Jaffna | B11: Northern | C11: ='A5 Pop Education'!C13 -> 0.8 | D11: ='A5 Pop Education'!D13 -> 20.9 | E11: ='A5 Pop Education'!F13 -> 13.6 | F11: ='A6 Head Education'!C13 -> 0.5 | G11: ='A6 Head Education'!D13 -> 22.7 | H11: =SUM('A6 Head Education'!F13:H13) -> 19.4 | I11: ='A12 Attendance 5-19'!C13 -> 86.7 | J11: ='A12 Attendance 5-19'!E13 -> 11.7 | K11: ='A13 Attendance 5-14'!D13 -> 2.5 | L11: ='A14 Distance'!F13+'A14 Distance'!G13 -> 14.9 | M11: ='A15 Travel Mode'!C13 -> 22.1 | N11: ='School Census 2025'!F13 -> 93167 | O11: ='School Census 2025'!I13 -> 14.64145 | P11: ='School Census 2025'!M13 -> 10.723642 | Q11: ='School Census 2025'!N13 -> 212.71005 | R11: 10 | S11: 15.4 | T11: =499677/U11*1000 -> 840.14487 | U11: 594751 | V11: 4.16 | W11: 252 | X11: 29.07
A12: Mannar | B12: Northern | C12: ='A5 Pop Education'!C14 -> 2.3 | D12: ='A5 Pop Education'!D14 -> 24.4 | E12: ='A5 Pop Education'!F14 -> 21.9 | F12: ='A6 Head Education'!C14 -> 2.9 | G12: ='A6 Head Education'!D14 -> 26 | H12: =SUM('A6 Head Education'!F14:H14) -> 23.6 | I12: ='A12 Attendance 5-19'!C14 -> 83.6 | J12: ='A12 Attendance 5-19'!E14 -> 13.6 | K12: ='A13 Attendance 5-14'!D14 -> 4.1 | L12: ='A14 Distance'!F14+'A14 Distance'!G14 -> 11.9 | M12: ='A15 Travel Mode'!C14 -> 43.5 | N12: ='School Census 2025'!F14 -> 24958 | O12: ='School Census 2025'!I14 -> 21.007292 | P12: ='School Census 2025'!M14 -> 10.652155 | Q12: ='School Census 2025'!N14 -> 189.07576 | R12: 27 | S12: 28.9 | T12: =346424/U12*1000 -> 2799.2501 | U12: 123756 | V12: 1.35 | W12: 0 | X12: 28.61
A13: Vavuniya | B13: Northern | C13: ='A5 Pop Education'!C15 -> 3 | D13: ='A5 Pop Education'!D15 -> 24.1 | E13: ='A5 Pop Education'!F15 -> 5.7 | F13: ='A6 Head Education'!C15 -> 2.9 | G13: ='A6 Head Education'!D15 -> 22.1 | H13: =SUM('A6 Head Education'!F15:H15) -> 12.6 | I13: ='A12 Attendance 5-19'!C15 -> 83.4 | J13: ='A12 Attendance 5-19'!E15 -> 14.4 | K13: ='A13 Attendance 5-14'!D15 -> 3.4 | L13: ='A14 Distance'!F15+'A14 Distance'!G15 -> 10.2 | M13: ='A15 Travel Mode'!C15 -> 28.4 | N13: ='School Census 2025'!F15 -> 33461 | O13: ='School Census 2025'!I15 -> 19.915723 | P13: ='School Census 2025'!M15 -> 11.844602 | Q13: ='School Census 2025'!N15 -> 201.57229 | R13: 26 | S13: 27.2 | T13: =36199/U13*1000 -> 210.07823 | U13: 172312 | V13: 3.92 | W13: 76 | X13: 33.32
A14: Mullaitivu | B14: Northern | C14: ='A5 Pop Education'!C16 -> 2.6 | D14: ='A5 Pop Education'!D16 -> 23.7 | E14: ='A5 Pop Education'!F16 -> 14.2 | F14: ='A6 Head Education'!C16 -> 3.3 | G14: ='A6 Head Education'!D16 -> 27 | H14: =SUM('A6 Head Education'!F16:H16) -> 10.2 | I14: ='A12 Attendance 5-19'!C16 -> 86.9 | J14: ='A12 Attendance 5-19'!E16 -> 10.9 | K14: ='A13 Attendance 5-14'!D16 -> 3.6 | L14: ='A14 Distance'!F16+'A14 Distance'!G16 -> 6.6 | M14: ='A15 Travel Mode'!C16 -> 24.2 | N14: ='School Census 2025'!F16 -> 23965 | O14: ='School Census 2025'!I16 -> 9.5222199 | P14: ='School Census 2025'!M16 -> 11.347064 | Q14: ='School Census 2025'!N16 -> 193.26613 | R14: 14 | S14: 29.3 | T14: =113470/U14*1000 -> 925.38677 | U14: 122619 | V14: 4.35 | W14: 91 | X14: 32.46
A15: Kilinochchi | B15: Northern | C15: ='A5 Pop Education'!C17 -> 2.2 | D15: ='A5 Pop Education'!D17 -> 24 | E15: ='A5 Pop Education'!F17 -> 8.4 | F15: ='A6 Head Education'!C17 -> 1.6 | G15: ='A6 Head Education'!D17 -> 22.3 | H15: =SUM('A6 Head Education'!F17:H17) -> 11.1 | I15: ='A12 Attendance 5-19'!C17 -> 86 | J15: ='A12 Attendance 5-19'!E17 -> 11.1 | K15: ='A13 Attendance 5-14'!D17 -> 3.3 | L15: ='A14 Distance'!F17+'A14 Distance'!G17 -> 11 | M15: ='A15 Travel Mode'!C17 -> 25.2 | N15: ='School Census 2025'!F17 -> 25934 | O15: ='School Census 2025'!I17 -> 10.954731 | P15: ='School Census 2025'!M17 -> 12.118692 | Q15: ='School Census 2025'!N17 -> 249.36538 | R15: 15 | S15: 29 | T15: =80422/U15*1000 -> 588.26713 | U15: 136710 | V15: 3.37 | W15: 260 | X15: 29.29
A16: Batticaloa | B16: Eastern | C16: ='A5 Pop Education'!C18 -> 5 | D16: ='A5 Pop Education'!D18 -> 30.3 | E16: ='A5 Pop Education'!F18 -> 12.7 | F16: ='A6 Head Education'!C18 -> 7.3 | G16: ='A6 Head Education'!D18 -> 33.1 | H16: =SUM('A6 Head Education'!F18:H18) -> 18.6 | I16: ='A12 Attendance 5-19'!C18 -> 83.9 | J16: ='A12 Attendance 5-19'!E18 -> 14 | K16: ='A13 Attendance 5-14'!D18 -> 2.9 | L16: ='A14 Distance'!F18+'A14 Distance'!G18 -> 6.8 | M16: ='A15 Travel Mode'!C18 -> 59.2 | N16: ='School Census 2025'!F18 -> 117172 | O16: ='School Census 2025'!I18 -> 17.350562 | P16: ='School Census 2025'!M18 -> 15.991811 | Q16: ='School Census 2025'!N18 -> 318.40217 | R16: 20 | S16: 22.7 | T16: =279842/U16*1000 -> 469.59817 | U16: 595918 | V16: 1.43 | W16: 270 | X16: 23.96
A17: Ampara | B17: Eastern | C17: ='A5 Pop Education'!C19 -> 3.1 | D17: ='A5 Pop Education'!D19 -> 25.9 | E17: ='A5 Pop Education'!F19 -> 18.2 | F17: ='A6 Head Education'!C19 -> 3.5 | G17: ='A6 Head Education'!D19 -> 26.3 | H17: =SUM('A6 Head Education'!F19:H19) -> 27.7 | I17: ='A12 Attendance 5-19'!C19 -> 87.8 | J17: ='A12 Attendance 5-19'!E19 -> 9.9 | K17: ='A13 Attendance 5-14'!D19 -> 2.8 | L17: ='A14 Distance'!F19+'A14 Distance'!G19 -> 10.4 | M17: ='A15 Travel Mode'!C19 -> 42.7 | N17: ='School Census 2025'!F19 -> 157205 | O17: ='School Census 2025'!I19 -> 18.71887 | P17: ='School Census 2025'!M19 -> 15.340066 | Q17: ='School Census 2025'!N19 -> 354.06532 | R17: 14 | S17: 18.4 | T17: =470683/U17*1000 -> 632.17026 | U17: 744551 | V17: 1.21 | W17: 247 | X17: 22.23
A18: Trincomalee | B18: Eastern | C18: ='A5 Pop Education'!C20 -> 3.7 | D18: ='A5 Pop Education'!D20 -> 27.7 | E18: ='A5 Pop Education'!F20 -> 15.3 | F18: ='A6 Head Education'!C20 -> 4.1 | G18: ='A6 Head Education'!D20 -> 28.2 | H18: =SUM('A6 Head Education'!F20:H20) -> 20 | I18: ='A12 Attendance 5-19'!C20 -> 87 | J18: ='A12 Attendance 5-19'!E20 -> 10 | K18: ='A13 Attendance 5-14'!D20 -> 4.4 | L18: ='A14 Distance'!F20+'A14 Distance'!G20 -> 12.4 | M18: ='A15 Travel Mode'!C20 -> 47.5 | N18: ='School Census 2025'!F20 -> 93481 | O18: ='School Census 2025'!I20 -> 19.666028 | P18: ='School Census 2025'!M20 -> 16.609986 | Q18: ='School Census 2025'!N20 -> 294.89274 | R18: 15 | S18: 20.3 | T18: =211677/U18*1000 -> 478.10139 | U18: 442745 | V18: 3.35 | W18: 0 | X18: 34.16
A19: Kurunegala | B19: North Western | C19: ='A5 Pop Education'!C21 -> 2.5 | D19: ='A5 Pop Education'!D21 -> 21.7 | E19: ='A5 Pop Education'!F21 -> 16.1 | F19: ='A6 Head Education'!C21 -> 2.4 | G19: ='A6 Head Education'!D21 -> 20.9 | H19: =SUM('A6 Head Education'!F21:H21) -> 26.9 | I19: ='A12 Attendance 5-19'!C21 -> 87.4 | J19: ='A12 Attendance 5-19'!E21 -> 9.5 | K19: ='A13 Attendance 5-14'!D21 -> 4.4 | L19: ='A14 Distance'!F21+'A14 Distance'!G21 -> 32 | M19: ='A15 Travel Mode'!C21 -> 16.8 | N19: ='School Census 2025'!F21 -> 315282 | O19: ='School Census 2025'!I21 -> 20.883209 | P19: ='School Census 2025'!M21 -> 15.221455 | Q19: ='School Census 2025'!N21 -> 363.22811 | R19: 12 | S19: 17.9 | T19: =136168/U19*1000 -> 77.011304 | U19: 1768156 | V19: 2.31 | W19: 0 | X19: 26.19
A20: Puttalam | B20: North Western | C20: ='A5 Pop Education'!C22 -> 3.7 | D20: ='A5 Pop Education'!D22 -> 28.2 | E20: ='A5 Pop Education'!F22 -> 8.7 | F20: ='A6 Head Education'!C22 -> 3.4 | G20: ='A6 Head Education'!D22 -> 30.5 | H20: =SUM('A6 Head Education'!F22:H22) -> 18.4 | I20: ='A12 Attendance 5-19'!C22 -> 81.5 | J20: ='A12 Attendance 5-19'!E22 -> 14.2 | K20: ='A13 Attendance 5-14'!D22 -> 6.5 | L20: ='A14 Distance'!F22+'A14 Distance'!G22 -> 21.4 | M20: ='A15 Travel Mode'!C22 -> 22.3 | N20: ='School Census 2025'!F22 -> 154385 | O20: ='School Census 2025'!I22 -> 11.903358 | P20: ='School Census 2025'!M22 -> 16.621985 | Q20: ='School Census 2025'!N22 -> 416.13208 | R20: 10 | S20: 18.6 | T20: =842749/U20*1000 -> 1029.2288 | U20: 818816 | V20: 2.92 | W20: 150 | X20: 33.76
A21: Anuradhapura | B21: North Central | C21: ='A5 Pop Education'!C23 -> 2.9 | D21: ='A5 Pop Education'!D23 -> 24.7 | E21: ='A5 Pop Education'!F23 -> 15.2 | F21: ='A6 Head Education'!C23 -> 2.3 | G21: ='A6 Head Education'!D23 -> 22.8 | H21: =SUM('A6 Head Education'!F23:H23) -> 23.3 | I21: ='A12 Attendance 5-19'!C23 -> 89 | J21: ='A12 Attendance 5-19'!E23 -> 8 | K21: ='A13 Attendance 5-14'!D23 -> 4.3 | L21: ='A14 Distance'!F23+'A14 Distance'!G23 -> 28.9 | M21: ='A15 Travel Mode'!C23 -> 18 | N21: ='School Census 2025'!F23 -> 200193 | O21: ='School Census 2025'!I23 -> 10.819559 | P21: ='School Census 2025'!M23 -> 16.249432 | Q21: ='School Census 2025'!N23 -> 360.05935 | R21: 18 | S21: 12.8 | T21: =94157/U21*1000 -> 98.072036 | U21: 960080 | V21: 2.78 | W21: 0 | X21: 27.94
A22: Polonnaruwa | B22: North Central | C22: ='A5 Pop Education'!C24 -> 3.7 | D22: ='A5 Pop Education'!D24 -> 26.4 | E22: ='A5 Pop Education'!F24 -> 14.3 | F22: ='A6 Head Education'!C24 -> 3.8 | G22: ='A6 Head Education'!D24 -> 27.9 | H22: =SUM('A6 Head Education'!F24:H24) -> 18.6 | I22: ='A12 Attendance 5-19'!C24 -> 86.8 | J22: ='A12 Attendance 5-19'!E24 -> 9.5 | K22: ='A13 Attendance 5-14'!D24 -> 5.1 | L22: ='A14 Distance'!F24+'A14 Distance'!G24 -> 19.3 | M22: ='A15 Travel Mode'!C24 -> 37.3 | N22: ='School Census 2025'!F24 -> 89274 | O22: ='School Census 2025'!I24 -> 22.393978 | P22: ='School Census 2025'!M24 -> 18.185781 | Q22: ='School Census 2025'!N24 -> 358.53012 | R22: 20 | S22: 15.2 | T22: =97189/U22*1000 -> 217.16756 | U22: 447530 | V22: 3.75 | W22: 282 | X22: 34.07
A23: Badulla | B23: Uva | C23: ='A5 Pop Education'!C25 -> 6.8 | D23: ='A5 Pop Education'!D25 -> 24 | E23: ='A5 Pop Education'!F25 -> 14.6 | F23: ='A6 Head Education'!C25 -> 9 | G23: ='A6 Head Education'!D25 -> 24.8 | H23: =SUM('A6 Head Education'!F25:H25) -> 18 | I23: ='A12 Attendance 5-19'!C25 -> 85.9 | J23: ='A12 Attendance 5-19'!E25 -> 11.5 | K23: ='A13 Attendance 5-14'!D25 -> 4 | L23: ='A14 Distance'!F25+'A14 Distance'!G25 -> 22.6 | M23: ='A15 Travel Mode'!C25 -> 45.2 | N23: ='School Census 2025'!F25 -> 167138 | O23: ='School Census 2025'!I25 -> 19.963743 | P23: ='School Census 2025'!M25 -> 12.324902 | Q23: ='School Census 2025'!N25 -> 278.09983 | R23: 37 | S23: 16.5 | T23: =142446/U23*1000 -> 163.29801 | U23: 872307 | V23: 1.88 | W23: 192 | X23: 25.95
A24: Monaragala | B24: Uva | C24: ='A5 Pop Education'!C26 -> 5 | D24: ='A5 Pop Education'!D26 -> 27.1 | E24: ='A5 Pop Education'!F26 -> 10.2 | F24: ='A6 Head Education'!C26 -> 6.9 | G24: ='A6 Head Education'!D26 -> 28.6 | H24: =SUM('A6 Head Education'!F26:H26) -> 13.2 | I24: ='A12 Attendance 5-19'!C26 -> 89 | J24: ='A12 Attendance 5-19'!E26 -> 8.7 | K24: ='A13 Attendance 5-14'!D26 -> 2.9 | L24: ='A14 Distance'!F26+'A14 Distance'!G26 -> 17.4 | M24: ='A15 Travel Mode'!C26 -> 32.7 | N24: ='School Census 2025'!F26 -> 110875 | O24: ='School Census 2025'!I26 -> 18.656144 | P24: ='School Census 2025'!M26 -> 16.730798 | Q24: ='School Census 2025'!N26 -> 381.01375 | R24: 33 | S24: 21.6 | T24: =38294/U24*1000 -> 72.583565 | U24: 527585 | V24: 2.39 | W24: 0 | X24: 28.32
A25: Ratnapura | B25: Sabaragamuwa | C25: ='A5 Pop Education'!C27 -> 4.7 | D25: ='A5 Pop Education'!D27 -> 23 | E25: ='A5 Pop Education'!F27 -> 15.5 | F25: ='A6 Head Education'!C27 -> 5.1 | G25: ='A6 Head Education'!D27 -> 24.3 | H25: =SUM('A6 Head Education'!F27:H27) -> 24 | I25: ='A12 Attendance 5-19'!C27 -> 85.8 | J25: ='A12 Attendance 5-19'!E27 -> 10.3 | K25: ='A13 Attendance 5-14'!D27 -> 5.6 | L25: ='A14 Distance'!F27+'A14 Distance'!G27 -> 30.1 | M25: ='A15 Travel Mode'!C27 -> 32.2 | N25: ='School Census 2025'!F27 -> 211988 | O25: ='School Census 2025'!I27 -> 18.503878 | P25: ='School Census 2025'!M27 -> 16.131801 | Q25: ='School Census 2025'!N27 -> 364.24055 | R25: 28 | S25: 26.2 | T25: =422704/U25*1000 -> 369.03746 | U25: 1145423 | V25: 2.28 | W25: 192 | X25: 27.01
A26: Kegalle | B26: Sabaragamuwa | C26: ='A5 Pop Education'!C28 -> 2.7 | D26: ='A5 Pop Education'!D28 -> 21.8 | E26: ='A5 Pop Education'!F28 -> 16.9 | F26: ='A6 Head Education'!C28 -> 2.1 | G26: ='A6 Head Education'!D28 -> 19.3 | H26: =SUM('A6 Head Education'!F28:H28) -> 24.2 | I26: ='A12 Attendance 5-19'!C28 -> 86.9 | J26: ='A12 Attendance 5-19'!E28 -> 9.6 | K26: ='A13 Attendance 5-14'!D28 -> 5.4 | L26: ='A14 Distance'!F28+'A14 Distance'!G28 -> 32.5 | M26: ='A15 Travel Mode'!C28 -> 27.6 | N26: ='School Census 2025'!F28 -> 148758 | O26: ='School Census 2025'!I28 -> 26.561933 | P26: ='School Census 2025'!M28 -> 13.119146 | Q26: ='School Census 2025'!N28 -> 298.71084 | R26: 18 | S26: 8.6 | T26: =240240/U26*1000 -> 275.98693 | U26: 870476 | V26: 2.2 | W26: 0 | X26: 25.86
A28: Black = linked by formula to the source sheets; blue = typed from other sources (see Notes). TARGET (red) = what the model learns to predict.

Sheet A5 Pop Education
A1: Table A5: % of population (aged 5+) by level of education, 2019
A3: District | B3: Province | C3: No schooling (%) | D3: Up to grade 5 (%) | E3: Passed grade 6-10 (%) | F3: Passed O/L (%) | G3: Passed A/L (%) | H3: Degree & above (%)
A4: Colombo | B4: Western | C4: 1.8 | D4: 14.3 | E4: 38.1 | F4: 21.1 | G4: 19.4 | H4: 5.2
A5: Gampaha | B5: Western | C5: 1.6 | D5: 13.2 | E5: 43.1 | F5: 21.9 | G5: 16.6 | H5: 3.4
A6: Kalutara | B6: Western | C6: 2.6 | D6: 18.2 | E6: 40.5 | F6: 19.6 | G6: 16.4 | H6: 2.7
A7: Kandy | B7: Central | C7: 3.6 | D7: 20.9 | E7: 43.6 | F7: 15.2 | G7: 13.3 | H7: 3.3
A8: Matale | B8: Central | C8: 4.2 | D8: 22 | E8: 45.6 | F8: 15.9 | G8: 10.7 | H8: 1.6
A9: Nuwara Eliya | B9: Central | C9: 4.7 | D9: 27.5 | E9: 45.3 | F9: 12.8 | G9: 8.7 | H9: 1
A10: Galle | B10: Southern | C10: 2.2 | D10: 20.6 | E10: 45.6 | F10: 18.1 | G10: 11.3 | H10: 2.2
A11: Matara | B11: Southern | C11: 3.5 | D11: 21.8 | E11: 40.3 | F11: 18.4 | G11: 12.8 | H11: 3.1
A12: Hambantota | B12: Southern | C12: 4 | D12: 23.6 | E12: 45.8 | F12: 15.2 | G12: 8.9 | H12: 2.4
A13: Jaffna | B13: Northern | C13: 0.8 | D13: 20.9 | E13: 51.2 | F13: 13.6 | G13: 9.6 | H13: 3.8
A14: Mannar | B14: Northern | C14: 2.3 | D14: 24.4 | E14: 37.5 | F14: 21.9 | G14: 12.4 | H14: 1.5
A15: Vavuniya | B15: Northern | C15: 3 | D15: 24.1 | E15: 54 | F15: 5.7 | G15: 11.1 | H15: 2.3
... A28: Kegalle | B28: Sabaragamuwa | C28: 2.7 | D28: 21.8 | E28: 45.3 | F28: 16.9 | G28: 11.3 | H28: 1.9
A30: Source: Department of Census and Statistics, Household Income and Expenditure Survey 2019 (transcribed from tables provided by user). "—" (too few cases) left blank.

Sheet A6 Head Education
A1: Table A6: % of heads of household by level of education, 2019
A3: District | B3: Province | C3: No schooling (%) | D3: Up to grade 5 (%) | E3: Passed grade 6-10 (%) | F3: Passed O/L (%) | G3: Passed A/L (%) | H3: Degree & above (%)
A4: Colombo | B4: Western | C4: 1.6 | D4: 7.6 | E4: 41 | F4: 24.4 | G4: 18.9 | H4: 6.4
A5: Gampaha | B5: Western | C5: 0.8 | D5: 7.7 | E5: 48.6 | F5: 23.5 | G5: 16.2 | H5: 3
A6: Kalutara | B6: Western | C6: 2.4 | D6: 13.7 | E6: 47.4 | F6: 20.9 | G6: 13 | H6: 2.7
A7: Kandy | B7: Central | C7: 4.2 | D7: 20.1 | E7: 46.7 | F7: 12.3 | G7: 12.8 | H7: 3.9
A8: Matale | B8: Central | C8: 4.9 | D8: 21.1 | E8: 50.3 | F8: 13.2 | G8: 8.9 | H8: 1.5
A9: Nuwara Eliya | B9: Central | C9: 4.8 | D9: 31.2 | E9: 44.8 | F9: 10.8 | G9: 7.1 | H9: 1.4
A10: Galle | B10: Southern | C10: 2.8 | D10: 19.1 | E10: 51 | F10: 15.8 | G10: 9.3 | H10: 1.9
A11: Matara | B11: Southern | C11: 4.1 | D11: 23.1 | E11: 40.3 | F11: 18.1 | G11: 11.4 | H11: 2.9
A12: Hambantota | B12: Southern | C12: 5.6 | D12: 28.4 | E12: 47.3 | F12: 11.4 | G12: 5.5 | H12: 1.7
A13: Jaffna | B13: Northern | C13: 0.5 | D13: 22.7 | E13: 57.5 | F13: 10.7 | G13: 5.5 | H13: 3.2
A14: Mannar | B14: Northern | C14: 2.9 | D14: 26 | E14: 47.5 | F14: 14.9 | G14: 7.6 | H14: 1.1
A15: Vavuniya | B15: Northern | C15: 2.9 | D15: 22.1 | E15: 62.5 | F15: 2.6 | G15: 8.6 | H15: 1.4
... A28: Kegalle | B28: Sabaragamuwa | C28: 2.1 | D28: 19.3 | E28: 54.4 | F28: 14.8 | G28: 8.4 | H28: 1
A30: Source: Department of Census and Statistics, Household Income and Expenditure Survey 2019 (transcribed from tables provided by user). "—" (too few cases) left blank.

Sheet A12 Attendance 5-19
A1: Table A12: % of population aged 5-19 by school attendance, 2019
A3: District | B3: Province | C3: Currently attending (%) | D3: Never attended (%) | E3: Attended in the past / dropped out (%)
A4: Colombo | B4: Western | C4: 85.7 | D4: 2.2 | E4: 12.1
A5: Gampaha | B5: Western | C5: 85 | D5: 3.2 | E5: 11.8
A6: Kalutara | B6: Western | C6: 86.2 | D6: 2.9 | E6: 10.9
A7: Kandy | B7: Central | C7: 87.4 | D7: 3.5 | E7: 9.1
A8: Matale | B8: Central | C8: 86.9 | D8: 3.5 | E8: 10.6
A9: Nuwara Eliya | B9: Central | C9: 86.2 | D9: 3.4 | E9: 10.4
A10: Galle | B10: Southern | C10: 88.9 | D10: 2.5 | E10: 8.6
A11: Matara | B11: Southern | C11: 88 | D11: 3.3 | E11: 8.7
A12: Hambantota | B12: Southern | C12: 85.4 | D12: 3.4 | E12: 11.2
A13: Jaffna | B13: Northern | C13: 86.7 | D13: 1.6 | E13: 11.7
A14: Mannar | B14: Northern | C14: 83.6 | D14: 2.8 | E14: 13.6
A15: Vavuniya | B15: Northern | C15: 83.4 | D15: 2.3 | E15: 14.4
... A28: Kegalle | B28: Sabaragamuwa | C28: 86.9 | D28: 3.5 | E28: 9.6
A30: Source: Department of Census and Statistics, Household Income and Expenditure Survey 2019 (transcribed from tables provided by user). "—" (too few cases) left blank.

Sheet A13 Attendance 5-14
A1: Table A13: % of population aged 5-14 by school attendance, 2019
A3: District | B3: Province | C3: Currently attending (%) | D3: Never attended (%) | E3: Attended in the past (%)
A4: Colombo | B4: Western | C4: 96.8 | D4: 3 | E4: 0.2
A5: Gampaha | B5: Western | C5: 95.3 | D5: 4.7
A6: Kalutara | B6: Western | C6: 95.5 | D6: 4.5
A7: Kandy | B7: Central | C7: 94.8 | D7: 5.1 | E7: 0.1
A8: Matale | B8: Central | C8: 94.7 | D8: 5 | E8: 0.3
A9: Nuwara Eliya | B9: Central | C9: 94.5 | D9: 4.9 | E9: 0.6
A10: Galle | B10: Southern | C10: 96.8 | D10: 3.2
A11: Matara | B11: Southern | C11: 94.6 | D11: 4.6 | E11: 0.8
A12: Hambantota | B12: Southern | C12: 95.1 | D12: 4.9
A13: Jaffna | B13: Northern | C13: 97.3 | D13: 2.5 | E13: 0.2
A14: Mannar | B14: Northern | C14: 95.5 | D14: 4.1 | E14: 0.4
A15: Vavuniya | B15: Northern | C15: 96.3 | D15: 3.4 | E15: 0.3
A16: Mullaitivu | B16: Northern | C16: 96.4 | D16: 3.6
A17: Kilinochchi | B17: Northern | C17: 96.7 | D17: 3.3
A18: Batticaloa | B18: Eastern | C18: 95.8 | D18: 2.9 | E18: 1.3
A19: Ampara | B19: Eastern | C19: 97.2 | D19: 2.8
A20: Trincomalee | B20: Eastern | C20: 95.6 | D20: 4.4
A21: Kurunegala | B21: North Western | C21: 95.5 | D21: 4.4 | E21: 0.1
A22: Puttalam | B22: North Western | C22: 93.5 | D22: 6.5
A23: Anuradhapura | B23: North Central | C23: 95.7 | D23: 4.3
A24: Polonnaruwa | B24: North Central | C24: 94.9 | D24: 5.1
A25: Badulla | B25: Uva | C25: 95.4 | D25: 4 | E25: 0.6
A26: Monaragala | B26: Uva | C26: 96.5 | D26: 2.9 | E26: 0.6
A27: Ratnapura | B27: Sabaragamuwa | C27: 94 | D27: 5.6 | E27: 0.4
A28: Kegalle | B28: Sabaragamuwa | C28: 94.4 | D28: 5.4 | E28: 0.2
A30: Source: Department of Census and Statistics, Household Income and Expenditure Survey 2019 (transcribed from tables provided by user). "—" (too few cases) left blank.

Sheet A14 Distance
A1: Table A14: % of students (5-19) by distance from home to school, 2019
A3: District | B3: Province | C3: Less than 1 km (%) | D3: 1-3 km (%) | E3: 3-5 km (%) | F3: 5-10 km (%) | G3: 10 km or more (%)
A4: Colombo | B4: Western | C4: 13 | D4: 32.7 | E4: 21.4 | F4: 19 | G4: 13.9
A5: Gampaha | B5: Western | C5: 15.5 | D5: 34.2 | E5: 18.3 | F5: 17 | G5: 15
A6: Kalutara | B6: Western | C6: 17.5 | D6: 29.8 | E6: 18.4 | F6: 18 | G6: 16.3
A7: Kandy | B7: Central | C7: 19.9 | D7: 32.7 | E7: 18.9 | F7: 15.3 | G7: 13.2
A8: Matale | B8: Central | C8: 18.7 | D8: 39.4 | E8: 14.1 | F8: 13.3 | G8: 14.6
A9: Nuwara Eliya | B9: Central | C9: 16.4 | D9: 33.9 | E9: 17 | F9: 24.8 | G9: 7.9
A10: Galle | B10: Southern | C10: 18.8 | D10: 31.5 | E10: 19.8 | F10: 17.3 | G10: 12.6
A11: Matara | B11: Southern | C11: 14 | D11: 35.5 | E11: 18.4 | F11: 18 | G11: 14.1
A12: Hambantota | B12: Southern | C12: 14.9 | D12: 45.3 | E12: 16.3 | F12: 12.3 | G12: 11.2
A13: Jaffna | B13: Northern | C13: 28.6 | D13: 41.6 | E13: 14.9 | F13: 9.4 | G13: 5.5
A14: Mannar | B14: Northern | C14: 35.6 | D14: 36.7 | E14: 15.8 | F14: 6.2 | G14: 5.7
A15: Vavuniya | B15: Northern | C15: 27.4 | D15: 37.4 | E15: 25 | F15: 7 | G15: 3.2
... A28: Kegalle | B28: Sabaragamuwa | C28: 12.3 | D28: 37.5 | E28: 17.7 | F28: 18.3 | G28: 14.2
A30: Source: Department of Census and Statistics, Household Income and Expenditure Survey 2019 (transcribed from tables provided by user). "—" (too few cases) left blank.

Sheet A15 Travel Mode
A1: Table A15: % of students (5-19) by main mode of travel to school, 2019
A3: District | B3: Province | C3: Walking (%) | D3: Bicycle (%) | E3: Motorbike / three-wheel / car (%) | F3: School van (%) | G3: Bus (%) | H3: Train (%) | I3: Other (%)
A4: Colombo | B4: Western | C4: 18.8 | D4: 3.2 | E4: 37.9 | F4: 23.7 | G4: 16 | H4: 0.2 | I4: 0.1
A5: Gampaha | B5: Western | C5: 20.7 | D5: 3.2 | E5: 25.3 | F5: 32.6 | G5: 15.8 | H5: 1.8 | I5: 0.6
A6: Kalutara | B6: Western | C6: 23.5 | D6: 3 | E6: 20.9 | F6: 27.7 | G6: 24.2 | H6: 0.1 | I6: 0.7
A7: Kandy | B7: Central | C7: 36.4 | D7: 3 | E7: 15.8 | F7: 17.2 | G7: 26.8 | H7: 0.8 | I7: 0.1
A8: Matale | B8: Central | C8: 33.6 | D8: 6.1 | E8: 17.3 | F8: 14.5 | G8: 28.5
A9: Nuwara Eliya | B9: Central | C9: 54.9 | D9: 1.1 | E9: 3.4 | F9: 6 | G9: 34.6
A10: Galle | B10: Southern | C10: 23.3 | D10: 5.6 | E10: 26.4 | F10: 19.8 | G10: 23.3 | H10: 1.1 | I10: 0.5
A11: Matara | B11: Southern | C11: 24 | D11: 3.9 | E11: 24.1 | F11: 25 | G11: 22.9 | I11: 0.1
A12: Hambantota | B12: Southern | C12: 24.2 | D12: 6.9 | E12: 27.2 | F12: 17 | G12: 24.5 | I12: 0.2
A13: Jaffna | B13: Northern | C13: 22.1 | D13: 37.9 | E13: 25 | F13: 4.5 | G13: 10.3 | I13: 0.2
A14: Mannar | B14: Northern | C14: 43.5 | D14: 20.1 | E14: 14.2 | F14: 0.3 | G14: 22
A15: Vavuniya | B15: Northern | C15: 28.4 | D15: 16.8 | E15: 35.1 | F15: 7.7 | G15: 12
A16: Mullaitivu | B16: Northern | C16: 24.2 | D16: 53.6 | E16: 14.9 | F16: 0.4 | G16: 6.2 | I16: 0.6
A17: Kilinochchi | B17: Northern | C17: 25.2 | D17: 52.3 | E17: 20.3 | F17: 0.2 | G17: 2
A18: Batticaloa | B18: Eastern | C18: 59.2 | D18: 20.5 | E18: 18.9 | F18: 0.2 | G18: 1 | I18: 0.2
A19: Ampara | B19: Eastern | C19: 42.7 | D19: 15.5 | E19: 23.8 | F19: 6.5 | G19: 11.5
A20: Trincomalee | B20: Eastern | C20: 47.5 | D20: 24.3 | E20: 17.1 | F20: 4 | G20: 7.1
A21: Kurunegala | B21: North Western | C21: 16.8 | D21: 12.2 | E21: 30.9 | F21: 17.9 | G21: 21.2 | H21: 0.1 | I21: 0.9
A22: Puttalam | B22: North Western | C22: 22.3 | D22: 18.3 | E22: 33.7 | F22: 13.1 | G22: 12.6
A23: Anuradhapura | B23: North Central | C23: 18 | D23: 20.7 | E23: 29.7 | F23: 12.3 | G23: 18.9 | I23: 0.4
A24: Polonnaruwa | B24: North Central | C24: 37.3 | D24: 14.4 | E24: 21.1 | F24: 4.6 | G24: 21.1 | I24: 1.5
A25: Badulla | B25: Uva | C25: 45.2 | D25: 4.2 | E25: 9.6 | F25: 10.7 | G25: 29.7 | H25: 0.4 | I25: 0.2
A26: Monaragala | B26: Uva | C26: 32.7 | D26: 7.7 | E26: 21 | F26: 16.3 | G26: 27.5 | I26: 0.4
A27: Ratnapura | B27: Sabaragamuwa | C27: 32.2 | D27: 1.2 | E27: 17.4 | F27: 16.3 | G27: 32.9
A28: Kegalle | B28: Sabaragamuwa | C28: 27.6 | D28: 1.2 | E28: 17.2 | F28: 31 | G28: 23
A30: Source: Department of Census and Statistics, Household Income and Expenditure Survey 2019 (transcribed from tables provided by user). "—" (too few cases) left blank.

Sheet School Census 2025
A1: Table 14: Basic statistics of national and provincial schools by district, 2025
A3: District | B3: Province | C3: Schools – total | D3: Schools – national | E3: Schools – provincial | F3: Students – total | G3: Students – national | H3: Students – provincial | I3: % students in national schools | J3: Teachers – total | K3: Teachers – national | L3: Teachers – provincial | M3: Students per teacher | N3: Students per school
A4: Colombo | B4: Western | C4: 391 | D4: 39 | E4: =C4-D4 -> 352 | F4: 305506 | G4: 117955 | H4: =F4-G4 -> 187551 | I4: =G4/F4*100 -> 38.609716 | J4: 17078 | K4: 5682 | L4: =J4-K4 -> 11396 | M4: =F4/J4 -> 17.888863 | N4: =F4/C4 -> 781.34527
A5: Gampaha | B5: Western | C5: 533 | D5: 20 | E5: =C5-D5 -> 513 | F5: 297307 | G5: 52069 | H5: =F5-G5 -> 245238 | I5: =G5/F5*100 -> 17.513547 | J5: 16585 | K5: 2684 | L5: =J5-K5 -> 13901 | M5: =F5/J5 -> 17.926259 | N5: =F5/C5 -> 557.79925
A6: Kalutara | B6: Western | C6: 414 | D6: 20 | E6: =C6-D6 -> 394 | F6: 201108 | G6: 49404 | H6: =F6-G6 -> 151704 | I6: =G6/F6*100 -> 24.565905 | J6: 11655 | K6: 2317 | L6: =J6-K6 -> 9338 | M6: =F6/J6 -> 17.255084 | N6: =F6/C6 -> 485.76812
A7: Kandy | B7: Central | C7: 647 | D7: 36 | E7: =C7-D7 -> 611 | F7: 252916 | G7: 58059 | H7: =F7-G7 -> 194857 | I7: =G7/F7*100 -> 22.955843 | J7: 16709 | K7: 3217 | L7: =J7-K7 -> 13492 | M7: =F7/J7 -> 15.136513 | N7: =F7/C7 -> 390.90572
A8: Matale | B8: Central | C8: 310 | D8: 12 | E8: =C8-D8 -> 298 | F8: 96813 | G8: 22569 | H8: =F8-G8 -> 74244 | I8: =G8/F8*100 -> 23.311952 | J8: 6477 | K8: 1210 | L8: =J8-K8 -> 5267 | M8: =F8/J8 -> 14.947198 | N8: =F8/C8 -> 312.3
A9: Nuwara Eliya | B9: Central | C9: 550 | D9: 8 | E9: =C9-D9 -> 542 | F9: 143271 | G9: 9039 | H9: =F9-G9 -> 134232 | I9: =G9/F9*100 -> 6.3090228 | J9: 9874 | K9: 542 | L9: =J9-K9 -> 9332 | M9: =F9/J9 -> 14.509925 | N9: =F9/C9 -> 260.49273
A10: Galle | B10: Southern | C10: 422 | D10: 30 | E10: =C10-D10 -> 392 | F10: 198627 | G10: 75405 | H10: =F10-G10 -> 123222 | I10: =G10/F10*100 -> 37.963117 | J10: 12032 | K10: 3350 | L10: =J10-K10 -> 8682 | M10: =F10/J10 -> 16.508228 | N10: =F10/C10 -> 470.68009
A11: Matara | B11: Southern | C11: 353 | D11: 23 | E11: =C11-D11 -> 330 | F11: 150260 | G11: 49952 | H11: =F11-G11 -> 100308 | I11: =G11/F11*100 -> 33.243711 | J11: 10293 | K11: 2494 | L11: =J11-K11 -> 7799 | M11: =F11/J11 -> 14.598271 | N11: =F11/C11 -> 425.66572
A12: Hambantota | B12: Southern | C12: 318 | D12: 17 | E12: =C12-D12 -> 301 | F12: 134500 | G12: 33739 | H12: =F12-G12 -> 100761 | I12: =G12/F12*100 -> 25.084758 | J12: 8397 | K12: 1588 | L12: =J12-K12 -> 6809 | M12: =F12/J12 -> 16.017625 | N12: =F12/C12 -> 422.95597
A13: Jaffna | B13: Northern | C13: 438 | D13: 8 | E13: =C13-D13 -> 430 | F13: 93167 | G13: 13641 | H13: =F13-G13 -> 79526 | I13: =G13/F13*100 -> 14.64145 | J13: 8688 | K13: 941 | L13: =J13-K13 -> 7747 | M13: =F13/J13 -> 10.723642 | N13: =F13/C13 -> 212.71005
A14: Mannar | B14: Northern | C14: 132 | D14: 5 | E14: =C14-D14 -> 127 | F14: 24958 | G14: 5243 | H14: =F14-G14 -> 19715 | I14: =G14/F14*100 -> 21.007292 | J14: 2343 | K14: 418 | L14: =J14-K14 -> 1925 | M14: =F14/J14 -> 10.652155 | N14: =F14/C14 -> 189.07576
A15: Vavuniya | B15: Northern | C15: 166 | D15: 5 | E15: =C15-D15 -> 161 | F15: 33461 | G15: 6664 | H15: =F15-G15 -> 26797 | I15: =G15/F15*100 -> 19.915723 | J15: 2825 | K15: 434 | L15: =J15-K15 -> 2391 | M15: =F15/J15 -> 11.844602 | N15: =F15/C15 -> 201.57229
... A28: Kegalle | B28: Sabaragamuwa | C28: 498 | D28: 15 | E28: =C28-D28 -> 483 | F28: 148758 | G28: 39513 | H28: =F28-G28 -> 109245 | I28: =G28/F28*100 -> 26.561933 | J28: 11339 | K28: 2096 | L28: =J28-K28 -> 9243 | M28: =F28/J28 -> 13.119146 | N28: =F28/C28 -> 298.71084
A29: TOTAL | C29: =SUM(C4:C28) -> 10047 | D29: =SUM(D4:D28) -> 396 | E29: =SUM(E4:E28) -> 9651 | F29: =SUM(F4:F28) -> 3747544 | G29: =SUM(G4:G28) -> 825664 | H29: =SUM(H4:H28) -> 2921880 | J29: =SUM(J4:J28) -> 242309 | K29: =SUM(K4:K28) -> 42803 | L29: =SUM(L4:L28) -> 199506
A30: Source: Ministry of Education, School Census 2025, Table 14 (Statistics Branch). Provincial counts, % and ratios are formulas.

Sheet Notes
A1: Feature | B1: Meaning and source
A2: f1–f3 | B2: Population 5+ education levels — HIES 2019 Table A5
A3: f4–f6 | B3: Head of household education — HIES 2019 Table A6 (low parent education = less support for learning)
A4: f7–f8 | B4: Ages 5–19 attending / dropped out — HIES 2019 Table A12
A5: f9 | B5: Ages 5–14 never attended school — HIES 2019 Table A13
A6: f10 | B6: Students travelling 5 km or more to school — HIES 2019 Table A14
A7: f11 | B7: Students walking to school — HIES 2019 Table A15
A8: f12–f15 | B8: Students, % in national schools, students per teacher, students per school — School Census 2025 Table 14
A9: f16 | B9: MPI poverty headcount 2019 (DCS MPI report; most districts read from chart, approximate)
A10: f17 | B10: Food-insecure households 2024 (WFP map)
A11: f18 | B11: People affected by disasters 2020–2026 incl. Cyclone Ditwah, per 1,000 people (DMC situation reports)
A12: f19 | B12: Population 2024 (Census 2024)
... A16: Caution | B16: Only 25 districts = 25 rows. This is enough to practise the method, not to train a reliable XGBoost model. See the steps in the chat for getting more rows (education zones / DS divisions / schools).
