Workbook

Sheet DS Divisions
A1: No. | B1: District | C1: DS Division | D1: Headcount Index HI (%) | E1: Poor people (HPBPL) | F1: Rank in district (by HI) | G1: Rank nationally (by HI)
A2: 1 | B2: Colombo | C2: Colombo | D2: 0.121 | E2: 39819 | F2: =COUNTIFS($B$2:$B$151,B2,$D$2:$D$151,">"&D2)+1 -> 2 | G2: =RANK(D2,$D$2:$D$151,0) -> 127
A3: 2 | B3: Colombo | C3: Kolonnawa | D3: 0.082 | E3: 12292 | F3: =COUNTIFS($B$2:$B$151,B3,$D$2:$D$151,">"&D3)+1 -> 5 | G3: =RANK(D3,$D$2:$D$151,0) -> 135
A4: 3 | B4: Colombo | C4: Kaduwela | D4: 0.06 | E4: 11614 | F4: =COUNTIFS($B$2:$B$151,B4,$D$2:$D$151,">"&D4)+1 -> 7 | G4: =RANK(D4,$D$2:$D$151,0) -> 144
A5: 4 | B5: Colombo | C5: Homagama | D5: 0.064 | E5: 10797 | F5: =COUNTIFS($B$2:$B$151,B5,$D$2:$D$151,">"&D5)+1 -> 6 | G5: =RANK(D5,$D$2:$D$151,0) -> 142
A6: 5 | B6: Colombo | C6: Hanwella | D6: 0.142 | E6: 12562 | F6: =COUNTIFS($B$2:$B$151,B6,$D$2:$D$151,">"&D6)+1 -> 1 | G6: =RANK(D6,$D$2:$D$151,0) -> 123
A7: 6 | B7: Colombo | C7: Padukka | D7: 0.107 | E7: 5439 | F7: =COUNTIFS($B$2:$B$151,B7,$D$2:$D$151,">"&D7)+1 -> 3 | G7: =RANK(D7,$D$2:$D$151,0) -> 130
A8: 7 | B8: Colombo | C8: Maharagama | D8: 0.035 | E8: 5973 | F8: =COUNTIFS($B$2:$B$151,B8,$D$2:$D$151,">"&D8)+1 -> 11 | G8: =RANK(D8,$D$2:$D$151,0) -> 148
A9: 8 | B9: Colombo | C9: Sri Jayawardanapura | D9: 0.027 | E9: 2750 | F9: =COUNTIFS($B$2:$B$151,B9,$D$2:$D$151,">"&D9)+1 -> 12 | G9: =RANK(D9,$D$2:$D$151,0) -> 149
A10: 9 | B10: Colombo | C10: Thimbirigasyaya | D10: 0.044 | E10: 9672 | F10: =COUNTIFS($B$2:$B$151,B10,$D$2:$D$151,">"&D10)+1 -> 9 | G10: =RANK(D10,$D$2:$D$151,0) -> 146
A11: 10 | B11: Colombo | C11: Dehiwala | D11: 0.021 | E11: 1896 | F11: =COUNTIFS($B$2:$B$151,B11,$D$2:$D$151,">"&D11)+1 -> 13 | G11: =RANK(D11,$D$2:$D$151,0) -> 150
A12: 11 | B12: Colombo | C12: Rathmalana | D12: 0.042 | E12: 4058 | F12: =COUNTIFS($B$2:$B$151,B12,$D$2:$D$151,">"&D12)+1 -> 10 | G12: =RANK(D12,$D$2:$D$151,0) -> 147
A13: 12 | B13: Colombo | C13: Moratuwa | D13: 0.103 | E13: 16908 | F13: =COUNTIFS($B$2:$B$151,B13,$D$2:$D$151,">"&D13)+1 -> 4 | G13: =RANK(D13,$D$2:$D$151,0) -> 131
... A151: 150 | B151: Kurunegala | C151: Narammala | D151: 0.214 | E151: 10517 | F151: =COUNTIFS($B$2:$B$151,B151,$D$2:$D$151,">"&D151)+1 -> 12 | G151: =RANK(D151,$D$2:$D$151,0) -> 86

Sheet District Totals
A1: District | B1: Headcount Index HI (%) | C1: Poor people (HPBPL) | D1: No. of DS divisions on this page | E1: Sum of DS divisions | F1: Difference | G1: Check
A2: Colombo | B2: 0.06 | C2: 144106 | D2: =COUNTIF('DS Divisions'!$B$2:$B$151,A2) -> 13 | E2: =SUMIF('DS Divisions'!$B$2:$B$151,A2,'DS Divisions'!$E$2:$E$151) -> 144106 | F2: =E2-C2 -> 0 | G2: =IF(F2=0,"Matches","Some divisions not on this page") -> Matches
A3: Gampaha | B3: 0.11 | C3: 218447 | D3: =COUNTIF('DS Divisions'!$B$2:$B$151,A3) -> 13 | E3: =SUMIF('DS Divisions'!$B$2:$B$151,A3,'DS Divisions'!$E$2:$E$151) -> 218447 | F3: =E3-C3 -> 0 | G3: =IF(F3=0,"Matches","Some divisions not on this page") -> Matches
A4: Kalutara | B4: 0.2 | C4: 179604 | D4: =COUNTIF('DS Divisions'!$B$2:$B$151,A4) -> 14 | E4: =SUMIF('DS Divisions'!$B$2:$B$151,A4,'DS Divisions'!$E$2:$E$151) -> 179604 | F4: =E4-C4 -> 0 | G4: =IF(F4=0,"Matches","Some divisions not on this page") -> Matches
A5: Kandy | B5: 0.25 | C5: 281523 | D5: =COUNTIF('DS Divisions'!$B$2:$B$151,A5) -> 20 | E5: =SUMIF('DS Divisions'!$B$2:$B$151,A5,'DS Divisions'!$E$2:$E$151) -> 281523 | F5: =E5-C5 -> 0 | G5: =IF(F5=0,"Matches","Some divisions not on this page") -> Matches
A6: Matale | B6: 0.3 | C6: 98268 | D6: =COUNTIF('DS Divisions'!$B$2:$B$151,A6) -> 11 | E6: =SUMIF('DS Divisions'!$B$2:$B$151,A6,'DS Divisions'!$E$2:$E$151) -> 98268 | F6: =E6-C6 -> 0 | G6: =IF(F6=0,"Matches","Some divisions not on this page") -> Matches
A7: Nuwara Eliya | B7: 0.23 | C7: 167610 | D7: =COUNTIF('DS Divisions'!$B$2:$B$151,A7) -> 5 | E7: =SUMIF('DS Divisions'!$B$2:$B$151,A7,'DS Divisions'!$E$2:$E$151) -> 167610 | F7: =E7-C7 -> 0 | G7: =IF(F7=0,"Matches","Some divisions not on this page") -> Matches
A8: Galle | B8: 0.26 | C8: 221320 | D8: =COUNTIF('DS Divisions'!$B$2:$B$151,A8) -> 18 | E8: =SUMIF('DS Divisions'!$B$2:$B$151,A8,'DS Divisions'!$E$2:$E$151) -> 221320 | F8: =E8-C8 -> 0 | G8: =IF(F8=0,"Matches","Some divisions not on this page") -> Matches
A9: Matara | B9: 0.27 | C9: 176021 | D9: =COUNTIF('DS Divisions'!$B$2:$B$151,A9) -> 16 | E9: =SUMIF('DS Divisions'!$B$2:$B$151,A9,'DS Divisions'!$E$2:$E$151) -> 176021 | F9: =E9-C9 -> 0 | G9: =IF(F9=0,"Matches","Some divisions not on this page") -> Matches
A10: Hambantota | B10: 0.32 | C10: 162278 | D10: =COUNTIF('DS Divisions'!$B$2:$B$151,A10) -> 12 | E10: =SUMIF('DS Divisions'!$B$2:$B$151,A10,'DS Divisions'!$E$2:$E$151) -> 162278 | F10: =E10-C10 -> 0 | G10: =IF(F10=0,"Matches","Some divisions not on this page") -> Matches
A11: Kurunegala | B11: 0.25 | C11: 305364 | D11: =COUNTIF('DS Divisions'!$B$2:$B$151,A11) -> 28 | E11: =SUMIF('DS Divisions'!$B$2:$B$151,A11,'DS Divisions'!$E$2:$E$151) -> 277813 | F11: =E11-C11 -> -27551 | G11: =IF(F11=0,"Matches","Some divisions not on this page") -> Some divisions not on this page
A12: Total | C12: =SUM(C2:C11) -> 1954541 | D12: =SUM(D2:D11) -> 150 | E12: =SUM(E2:E11) -> 1926990

Sheet Notes
A1: Source: Department of Census and Statistics, Sri Lanka — "Headcount Index (HI) and Household Population Below Poverty (HPBPL): 2002", transcribed from the table image the user provided.
A2: HI = percentage of the DS division's household population living below the official poverty line (2002).
A3: HPBPL = number of people in households below the poverty line.
A4: Coverage: this page lists DS divisions 1–150 in 10 districts (Colombo to Kurunegala). The 2002 survey excluded the Northern and Eastern provinces.
A5: Kurunegala: only 28 DS divisions appear on this page; the remaining divisions (27,551 poor people) are on the next page of the source table.
A6: All other district totals match the sum of their DS divisions exactly, which confirms the transcription.
A7: Kurunegala HI values are shown to 2 decimals in the source (e.g. 24.92) and are kept as given.
A8: This is 2002 data — use it for historical comparison, not for current targeting.
